Country,Long-Term Distance Correlation (2 years),Long-Term Distance Correlation (5 years),Long-Term Distance Correlation (10 years),Year,Long-Term Population Change (2 years),Long-Term Population Change (5 years),Long-Term Population Change (10 years),Short-Term Disaster Count
Zimbabwe,0.4010530896739791,0.39855706748009956,0.17409769137865133,"[2000, 2001, 2002, 2003, 2004, 2005, 2006, 2007, 2008, 2009, 2010, 2011, 2012, 2013, 2014, 2015, 2016, 2017, 2018]","[ 952134.3372549  1016684.30588235  163796.56078431 -353339.90196078
 -384901.94901961  121442.30196078 -755193.79607843 -786071.25490196
  254021.23137255  586100.44705882 1135619.37254902  891409.68627451
  633484.67058823  892196.71372549  669065.30196078 -343781.65882353
 -435500.36078431  390225.31764706       0.        ]","[  677315.55294118   717057.8         -153376.48235294 -1054820.30196078
 -1103244.29803922  -447459.16862745  -132241.90196078   566717.90196079
  1507580.77647058  1976736.22352941  2150160.39607843  2063190.40784313
   679184.30588235   736280.36078432   435924.95294118        0.
        0.                0.                0.        ]","[ 229856.38431373  584815.89803921  413341.41960784  436387.62352941
  865232.21960784 1694878.46274509 1906779.18431372 1218690.09019608
 2243861.1372549  2412661.17647059       0.               0.
       0.               0.               0.               0.
       0.               0.               0.        ]",[0 1 0 0 0 0 0 1 0 0 1 0 0 1 0 0 0 0 0]
Mozambique,0.2647333238342594,0.2628274312388934,0.5101662603322039,"[2000, 2001, 2002, 2003, 2004, 2005, 2006, 2007, 2008, 2009, 2010, 2011, 2012, 2013, 2014, 2015, 2016, 2017, 2018]","[-1479490.19607843  -675983.56078431  1502889.46666667   647255.59215686
  1135864.43921569  1193270.48235294   585266.93333333   707018.63529412
   755429.52549019  1114784.94509804  1261988.76078431   978712.58431373
   973698.50980392  1029653.45490196  1067588.36078431  1129620.55686275
  1177626.12156863  2364540.0745098         0.        ]","[ 232903.00392157  897762.76862745 2903544.76470589 2156268.30588235
 2110003.21960785 2264223.9372549  2091117.43529412 2333372.36470589
 2411135.83529412 2580527.1254902  2745960.01176471 2545707.68627451
 2633310.02352941 2742507.34509804 4022899.31372548       0.
       0.               0.               0.        ]","[2501193.82745097 2991654.33333333 5234638.34117646 4559071.47843137
 4616942.08235294 4880545.97254902 4509230.00392157 4874665.0117647
 5153643.18039216 6603427.34509805       0.               0.
       0.               0.               0.               0.
       0.               0.               0.        ]",[0 1 1 1 0 1 1 1 1 0 1 0 0 0 0 0 1 0 0]
Sudan,0.20565635520960143,0.2051240902664915,0.14264097933985653,"[2000, 2001, 2002, 2003, 2004, 2005, 2006, 2007, 2008, 2009, 2010, 2011, 2012, 2013, 2014, 2015, 2016, 2017, 2018]","[1172399.39607843 1327069.39607843 2555035.80392157 1489962.19215686
  338408.21176471 -591024.60784314 -703603.05098039 1192704.31372549
 1037768.30980392 1230293.0627451  -409077.67058824 -623337.16078431
 1137676.38039216 1063230.29803922  960810.05882353  955880.24313726
 5340417.10980391 5873872.05098039       0.        ]","[3356922.75294118 3525960.56470588 1593484.25882353 1495288.71372549
  231156.48627451 1043096.69019608 1123041.3372549  1225043.62745098
 1230117.09411765 1188153.27843138 1234508.35686275  899946.22745098
 2594124.3372549  6863686.38823529 7330364.83137254       0.
       0.               0.               0.        ]","[4400004.45490196 4648991.31764706 2818536.17647059 2750846.37647059
 1431978.08627451 2292008.13725491 2048538.85882353 3843017.12941178
 8093684.02352942 8518303.06274511       0.               0.
       0.               0.               0.               0.
       0.               0.               0.        ]",[1 0 0 0 0 0 0 0 0 0 0 0 0 0 0 1 0 0 0]
Malawi,0.18804709444128212,0.2278427871679504,0.12520303812667374,"[2000, 2001, 2002, 2003, 2004, 2005, 2006, 2007, 2008, 2009, 2010, 2011, 2012, 2013, 2014, 2015, 2016, 2017, 2018]","[ 889734.14509804 1076994.41960784  580587.24705882  927527.85882353
 1126880.34117647  729944.48235294  570082.94509804 1235505.29803921
 1291936.80392156  722660.42745098  768495.00784314  754911.87058824
  885204.02352941 1022135.08627451 1024423.23137255 1053794.67058824
 1081675.63921569 1115400.76862745       0.        ]","[2153434.79215687 2448449.20392156 1993645.12941176 1941351.82352941
 2648377.27450981 2305946.67450981 2244183.28235294 2344497.2
 2406322.61568628 1968837.14509804 2154567.93725491 2291090.98431372
 2449377.89803922 2617854.75294118 2679574.64313726       0.
       0.               0.               0.        ]","[4459381.46666667 4692632.48627451 4338142.32941177 4347660.83921569
 4621345.47843136 4446588.74117647 4511770.10588236 4768597.8862745
 5024177.36862747 4648411.7882353        0.               0.
       0.               0.               0.               0.
       0.               0.               0.        ]",[0 0 1 0 0 0 0 1 0 0 0 0 1 0 0 0 0 0 0]
Ethiopia,0.3142346471559312,0.17908767986248073,0.08439020689488168,"[2000, 2001, 2002, 2003, 2004, 2005, 2006, 2007, 2008, 2009, 2010, 2011, 2012, 2013, 2014, 2015, 2016, 2017, 2018]","[ 900277.10980393  586304.0745098  5209869.97647059 5676870.61568628
 3015871.43529412 2937470.56470589 6716488.26666666 7519627.83137254
 4651195.95294118 4528072.23529412 2435533.22745098 2466450.75686275
 4633097.17647059 4807874.83137255 4992287.91372549 5120810.35686274
 7131669.05490197 2583313.0509804        0.        ]","[ 7693040.71764707  7696162.67058825  9730223.99607845 13826346.86274512
 12039981.85098038 12800672.2        13552182.65098039 12298734.8627451
  9343824.32941178  9417161.63529412  9527733.32549019  9811966.5764706
 12208554.45882354 14477184.8745098  10158770.61568626        0.
        0.                0.                0.        ]","[20493691.65882351 21248345.32156861 22028958.91372551 23134097.04313729
 21365134.79999999 22300047.82352943 23430313.86666667 24505193.32941178
 23821009.10980394 19575932.15686274        0.                0.
        0.                0.                0.                0.
        0.                0.                0.        ]",[0 0 0 1 0 1 0 0 1 1 0 1 1 0 0 1 0 0 0]
Mauritania,0.1993395228775955,0.13121350357219408,0.16969984760820098,"[2000, 2001, 2002, 2003, 2004, 2005, 2006, 2007, 2008, 2009, 2010, 2011, 2012, 2013, 2014, 2015, 2016, 2017, 2018]","[ 145086.44705882  149428.50980392  159827.16862745  162519.74117647
  190455.88235294  175725.77647059  148464.56078431 -127205.64705882
 -141643.91372549  127338.23529412  111192.2745098   136827.60784314
  126762.90196078  143116.03529412  167879.32941176  156014.89019608
  132546.4745098   137241.71764706       0.        ]","[387623.56078431 419700.08627451 418258.36470588 418734.21568628
 131225.82352941 114570.83529412  68108.17647059  50037.33333333
  52818.23137255 319854.70588235 339890.85490196 363583.56862745
 366987.55686274 359289.70196078 377492.4627451       0.
      0.              0.              0.        ]","[502194.39607843 487808.72941177 468280.3254902  462803.94117647
 442149.43921569 445439.96078431 421196.22745098 432007.89803922
 412107.93333333 697287.50588235      0.              0.
      0.              0.              0.              0.
      0.              0.              0.        ]",[0 1 0 0 0 0 0 0 0 0 1 0 0 0 0 0 0 1 0]
Mali,0.34711354485774093,0.3208603417477951,0.11466814990860938,"[2000, 2001, 2002, 2003, 2004, 2005, 2006, 2007, 2008, 2009, 2010, 2011, 2012, 2013, 2014, 2015, 2016, 2017, 2018]","[ 524256.11764706  539943.51764706  609384.85490196 -138565.22745098
 -258003.53333333  479463.50980392  546290.78431373 1235764.66666667
 1240753.35686275  593669.16470588 1454422.55686275 1560737.7254902
  833131.02745098  869997.66666667  884024.46666667  785983.33333333
  840368.70196078  964310.81568628       0.        ]","[ 664360.85098039  612654.87843137  619568.24313725  619002.14509804
 1245948.05490196 1998320.72941177 2097620.75294118 2973279.77647059
 3175873.72156862 2636042.24313725 2743274.72156862 2868296.24705882
 2065577.97254902 2147927.22352941 2196757.76078431       0.
       0.               0.               0.        ]","[2662681.58039216 2710275.63137254 3592848.01960784 3736598.2235294
 3903534.69803921 4816411.13333334 5037943.52156863 5117097.09019608
 5323800.94509802 4832800.00392159       0.               0.
       0.               0.               0.               0.
       0.               0.               0.        ]",[0 1 0 0 0 1 1 0 0 0 1 1 0 0 0 0 0 0 0]
Algeria,0.45906999743960647,0.23879429252341292,0.23333012506685236,"[2000, 2001, 2002, 2003, 2004, 2005, 2006, 2007, 2008, 2009, 2010, 2011, 2012, 2013, 2014, 2015, 2016, 2017, 2018]","[ 958505.74509804  871347.20784314 -120316.07058824 -238904.88235294
  674560.9254902   850686.70588235  864945.63137255  711417.98039216
  708292.30980392  706055.09411765 2374576.70588236 2598321.04705883
 1219911.02745098 1272572.87450981 1253368.01960784 1253000.45490196
 1210822.24705882 1145205.03921569       0.        ]","[1169693.21176471  974225.51372549 1061919.80392157  969157.64313726
 1893651.14509804 1916311.50980392 1925086.2117647  3440201.50980392
 3642156.65490196 3941991.48627451 4220954.54117647 4490417.32156863
 3106331.         3102589.06666667 3031993.73333333       0.
       0.               0.               0.        ]","[3085994.40392156 2887532.78823529 4502055.60784314 4427445.83529412
 5680534.99215686 6005365.0745098  6285436.67450981 6522223.50588236
 6744450.02745098 6973176.88235294       0.               0.
       0.               0.               0.               0.
       0.               0.               0.        ]",[0 0 0 7 0 0 0 0 0 0 0 0 0 0 1 0 0 0 0]
Uganda,0.21584962463364057,0.24369710890218826,0.24646258868678841,"[2000, 2001, 2002, 2003, 2004, 2005, 2006, 2007, 2008, 2009, 2010, 2011, 2012, 2013, 2014, 2015, 2016, 2017, 2018]","[1230594.44705883 1459308.92941176 1529132.65490196 1373343.03137255
 2383468.95686275 2446258.11372548 1688182.74901961 1870770.30196078
 1760533.11372549 1894096.16078431 1112260.11764706  208702.75686275
 1184345.59607843 1999738.89803921 2076819.10980392 2183301.
 2239165.85490196 2001714.47843137       0.        ]","[3460436.42745098 4548653.59215686 4657204.09411767 4754825.63529412
 4971398.5372549  5118682.49411763 4513356.45882353 3811005.49803922
 3241024.88235294 3068588.51372549 3226109.93333333 3279763.05490196
 4373350.85882353 5305926.6        5185563.74117648       0.
       0.               0.               0.        ]","[8575670.56862743 9027399.74901961 8411495.91372549 8016016.82745098
 8309099.68235293 8619150.90588234 8032366.75686273 8365794.98431372
 8546869.48235293 8254115.25490196       0.               0.
       0.               0.               0.               0.
       0.               0.               0.        ]",[0 0 1 0 0 1 0 0 1 0 0 1 0 0 0 0 0 0 0]
Madagascar,0.23678042526792614,0.08519210612559253,0.09083695066798618,"[2000, 2001, 2002, 2003, 2004, 2005, 2006, 2007, 2008, 2009, 2010, 2011, 2012, 2013, 2014, 2015, 2016, 2017, 2018]","[ 984253.55686274  888561.96470588  846646.47843137  855924.59607843
 1137302.95294118 1191790.74509804  989637.56078431 1018827.36862745
 1064266.76470588 1095512.41568627  579631.41568627  552649.50588235
  994462.24313726  996086.40392157  966037.35686274  966154.00392157
 1021483.5254902  1075608.92941176       0.        ]","[2263896.39607843 2440485.76862745 2469475.29019608 2545971.65490196
 2647331.72941177 2754353.59215687 2605585.88627451 2142289.63921569
 2181877.20784314 2164949.22352941 2096212.77647059 2022207.16862745
 2440820.83529411 2478815.33333333 2516991.28627451       0.
       0.               0.               0.        ]","[5017014.03137255 5043789.40392157 4596883.14509803 4704565.6509804
 4834016.3882353  4874642.81568628 4643325.50196079 4631767.00392156
 4656152.98431372 4677279.5254902        0.               0.
       0.               0.               0.               0.
       0.               0.               0.        ]",[1 0 1 0 0 0 0 0 1 0 0 0 0 0 1 0 1 0 0]
Kenya,0.2930828779156458,0.2089932772151714,0.07295270806278135,"[2000, 2001, 2002, 2003, 2004, 2005, 2006, 2007, 2008, 2009, 2010, 2011, 2012, 2013, 2014, 2015, 2016, 2017, 2018]","[  768147.72941176   809565.91372549  1518185.52549019  1878275.41960784
  2420216.05882353  2498408.87058823  1699257.76078431  1842491.34509804
  1832679.17647059  2437437.43529413 -1132585.55294118  1723898.04313725
  5504813.94509803  1663127.20392157  1522836.77254902  1422318.03921568
  1378717.27843137  4003708.40392157        0.        ]","[3041881.74509803 4403304.96078431 4738866.90196079 5275476.50980392
 5063173.31372548 5229879.49019608 5079796.61568627 1594024.43921569
 5019997.31764707 5016165.50980395 4926726.49411766 4116544.16862746
 7719341.34901961 3769948.98431373 6217916.66666668       0.
       0.               0.               0.        ]","[ 8248061.61568628  9471245.40392156  6334613.87843138 10483614.77647056
 10223524.35294114 10294184.36078432  9342720.0392157   8977479.41568628
  8758692.74901962 11233923.49411765        0.                0.
        0.                0.                0.                0.
        0.                0.                0.        ]",[0 0 0 0 1 1 0 0 1 0 0 1 0 0 1 0 1 0 0]
Senegal,0.1483253633778646,0.21863331892370877,0.24498340182295336,"[2000, 2001, 2002, 2003, 2004, 2005, 2006, 2007, 2008, 2009, 2010, 2011, 2012, 2013, 2014, 2015, 2016, 2017, 2018]","[ 361161.84705882  302741.83921569  506666.37647059 1003302.67058823
 1104791.69411766  668980.43921568  575125.35294117 1016368.56862745
 -430370.51764706 -885846.9372549   538746.42352941  535580.74509804
  579839.7254902   583551.61568628  548763.7372549   567646.54117647
  555100.31764706  565082.3372549        0.        ]","[1588400.19607843 1691574.32941176 1893170.24313726 1959602.76470588
 2406629.08235294  528394.50196078  415908.47058823  398114.41960784
  366692.16470588  -48730.32941176 1387780.7254902  1394594.07843137
 1420110.35686275 1414157.01960785 1405463.3882353        0.
       0.               0.               0.        ]","[2116341.9254902  2107442.72156862 2292268.78823529 2343378.01960785
 2378924.30588236 1921423.26666667 1809944.64705882 1814989.49019608
 1780737.55686275 1356644.80784314       0.               0.
       0.               0.               0.               0.
       0.               0.               0.        ]",[0 0 0 0 0 0 0 0 0 0 0 1 0 0 0 0 0 0 0]
Angola,0.1569101180142981,0.14664495697721375,0.15234854730941855,"[2000, 2001, 2002, 2003, 2004, 2005, 2006, 2007, 2008, 2009, 2010, 2011, 2012, 2013, 2014, 2015, 2016, 2017, 2018]","[ 363349.35294118  300388.53333333  363008.78431373  925137.87843137
  819387.85882353  343428.1254902   463855.95686275  459830.50196078
  467085.7372549  4023401.42745098 4223896.63921568  872400.14901961
 5256961.35686273 5415079.47843137 2427527.26666666 3596243.98823529
 2635869.81568628 1804963.00784314       0.        ]","[ 1443970.39215686  1326764.02352941  1423926.7254902   1490245.65490196
  1521260.89411765  1032319.35686275  4725282.39215686  4912787.87058823
  5110827.18039216  9709539.30980389 10060562.48627451  8134791.41568628
  9432993.41176472  9896693.90588237  5980446.99215686        0.
        0.                0.                0.        ]","[ 2476123.4627451   6052468.49803922  6336084.59215687  6542212.69803922
 11212834.20392156 11071854.54509804 12830463.627451   14346619.47843138
 15005788.54509804 15688223.78039217        0.                0.
        0.                0.                0.                0.
        0.                0.                0.        ]",[0 1 0 0 1 0 0 0 0 0 0 0 1 0 0 0 0 0 0]
South Africa,0.2439548810194783,0.1632063356694524,0.1527986199201463,"[2000, 2001, 2002, 2003, 2004, 2005, 2006, 2007, 2008, 2009, 2010, 2011, 2012, 2013, 2014, 2015, 2016, 2017, 2018]","[-735662.02352941 -749211.2745098  1642874.97254902 1540732.41176471
 -202931.06666667 -323336.15686275 3944725.03529411 4330337.51764705
  295090.50588235   23174.41568627 -237053.04705882 -361864.49803922
 -341243.74509804 4342953.78039215 5088650.2745098  1066872.59215686
  973766.01176471  878149.08627451       0.        ]","[ 867283.58431373  626100.17254902 1278173.03921569 5321361.04313725
 3967365.07843137 4075763.82745098 4193890.14117646 4162384.2862745
 -157619.17254902 -581751.16078431 3910288.89019608 4532143.19607843
 5263349.76470589 5868277.16470589 6482600.28235295       0.
       0.               0.               0.        ]","[4925311.56470587 4819355.6117647  5436305.40784313 5147253.94509803
 3261605.31764706 7911161.21176471 8660239.92156864 9349659.1372549
 5709052.15686274 5899316.68235295       0.               0.
       0.               0.               0.               0.
       0.               0.               0.        ]",[0 0 0 0 1 1 0 0 0 0 0 0 0 0 0 1 0 0 0]
Somalia,0.19791686476017778,0.23313565602700592,0.15060654970778128,"[2000, 2001, 2002, 2003, 2004, 2005, 2006, 2007, 2008, 2009, 2010, 2011, 2012, 2013, 2014, 2015, 2016, 2017, 2018]","[379390.00392157 392361.17254902 410277.23921569 466506.63921569
 497099.1372549  480058.54117647 586106.27058824 600046.21568627
 445119.40392157 136770.62352941  27225.46666667 277047.12156863
 316953.25882353 304860.76862745 354909.7372549  368775.87058823
 360428.07843137 387298.75294118      0.        ]","[1032428.7372549  1113272.89803922 1133024.04313725 1307019.54901961
 1322797.98431372 1285632.11372549  962469.47058824  832799.03921569
  615270.83529412  509027.02352941  465028.4745098   772261.09411765
  849536.22352941  855335.43529412  920413.8745098        0.
       0.               0.               0.        ]","[2318044.43921568 2075542.85490196 1965345.78431372 1890327.95686274
 1780247.96862745 1761377.8117647  1698124.07843138 1650446.70980393
 1469270.7882353  1427495.68235294       0.               0.
       0.               0.               0.               0.
       0.               0.               0.        ]",[1 0 0 0 2 1 0 0 0 0 1 0 1 0 0 1 0 0 0]
Comoros,0.7320833205196664,0.41598998570948453,0.3845464875906679,"[2000, 2001, 2002, 2003, 2004, 2005, 2006, 2007, 2008, 2009, 2010, 2011, 2012, 2013, 2014, 2015, 2016, 2017, 2018]","[ -1264.98039216  -6359.3254902   50020.80784314  67399.35686275
  21819.94117647  87080.4627451   94706.00784314  20469.2745098
  26271.57254902 -18910.02745098 -25018.20784314  21774.18039216
  22485.47843137  19957.90196078  20559.56078431  23000.4745098
  21007.44313725  30957.12941176      0.        ]","[ 69062.36862745  62553.43137255 157693.97647059 164057.74509804
 125555.72941176 121354.00392157  85685.25490196  11255.98823529
  18754.29411765  17771.5372549    4249.29411765  52604.01176471
  54516.74117647  52124.85882353  63313.88235294      0.
      0.              0.              0.        ]","[190514.6        148365.66666667 166865.62745098 193478.81960784
 145809.70980392 136663.14901961 144109.09019608  75042.52941176
  70388.33333333  80628.73333333      0.              0.
      0.              0.              0.              0.
      0.              0.              0.        ]",[0 0 0 0 0 2 1 0 0 0 0 0 0 0 0 0 0 0 0]
Burundi,0.395908898863967,0.3272143731588294,0.24788588331692712,"[2000, 2001, 2002, 2003, 2004, 2005, 2006, 2007, 2008, 2009, 2010, 2011, 2012, 2013, 2014, 2015, 2016, 2017, 2018]","[ -65775.61568627 -102524.32156863  236367.21960784 1443224.35686274
 1582668.20392157  528478.34901961  519974.38039216  932269.26666667
  975498.81960784  616296.81176471  619711.60784314  476602.57254902
 -181782.72156863   -3742.39215686  665904.00784314  624722.5254902
  640785.8627451    50767.38431373       0.        ]","[1491383.99607843 1602575.84705882 2085637.96078431 2225074.54901961
 2781540.00784314 1757349.01176471 1814670.45882353 1848429.47058823
 1765443.53333333  718907.14117647  791631.68235294  774103.24313726
  808245.8745098   937641.40784314 1040795.98039216       0.
       0.               0.               0.        ]","[3248733.00784314 3419752.78039216 3933952.83137255 3950843.37254902
 3456002.41960784 2499522.72156863 2543511.95294118 2607453.33333333
 2703084.94117647 1759703.12156863       0.               0.
       0.               0.               0.               0.
       0.               0.               0.        ]",[0 0 0 1 0 1 0 0 1 0 0 1 0 0 0 0 0 0 0]
Niger,0.2510981819923876,0.1282546135881204,0.13577641229752704,"[2000, 2001, 2002, 2003, 2004, 2005, 2006, 2007, 2008, 2009, 2010, 2011, 2012, 2013, 2014, 2015, 2016, 2017, 2018]","[ 623465.27058824  630319.05490196  562991.3372549   993398.15294117
 1018999.42745098  607622.02745098  607249.67843137 2070517.33333333
 2270232.41176471 1041442.15686274  389808.69411765  361787.94901961
  971086.51764706 1007604.4         937486.64705882  937639.05098039
 1088152.36470588 2366061.26666667       0.        ]","[1883986.2235294  1945187.01960785 1868142.98039215 1922117.64313725
 3375668.97647059 3198951.90196079 3398111.70588236 2981138.56862746
 3168203.17647059 1926742.18431373 1895339.40392157 1804688.61960784
 2410921.20784313 2531028.15294118 3805895.95686274       0.
       0.               0.               0.        ]","[5082938.12549018 5343298.7254902  4849281.54901961 5081283.23529411
 5282392.28235293 5098164.77647058 5213947.5607843  5436050.08235294
 5699231.32941176 5732638.14117647       0.               0.
       0.               0.               0.               0.
       0.               0.               0.        ]",[0 0 0 0 0 1 0 0 0 1 0 0 0 0 0 0 0 1 0]
Burkina Faso,0.303484016505743,0.2236366266569402,0.17871565545319243,"[2000, 2001, 2002, 2003, 2004, 2005, 2006, 2007, 2008, 2009, 2010, 2011, 2012, 2013, 2014, 2015, 2016, 2017, 2018]","[ 859480.50588235  856072.83529412  573254.76078432  237589.91764706
  342395.61568627  763300.65098039 1203350.39215686 1241403.14117647
  838065.60784314  878190.96470589  884032.08235294  940144.56862745
  989869.22352941  942849.29803921  964922.36862745 1009089.20784314
  121679.50196078   60431.70588235       0.        ]","[1385889.16470589 1482904.47058823 1289709.30980392 1830182.02745098
 1957857.69019608 2430657.71764707 2493653.0392157  2551389.1490196
 2220751.34117647 2293675.19215686 2331581.68235294 2388600.67058825
 2458273.99607844 1570135.60392156 1528836.47843137       0.
       0.               0.               0.        ]","[3816546.88235294 3976557.50980391 3841098.45882351 4047186.94509804
 4257371.34117646 4761122.90980392 4883266.37647056 5021564.69411765
 3790886.94509804 3822511.67058822       0.               0.
       0.               0.               0.               0.
       0.               0.               0.        ]",[0 1 0 0 0 0 0 0 0 0 0 1 0 0 1 0 0 0 0]
Ghana,0.0,0.0,0.0,"[2000, 2001, 2002, 2003, 2004, 2005, 2006, 2007, 2008, 2009, 2010, 2011, 2012, 2013, 2014, 2015, 2016, 2017, 2018]","[ 551215.58431373  495361.10980392  566579.78823529 1308008.96470588
 1410869.89411765  832055.30588235  803223.83137255  849411.84705882
  883168.94901961  807650.22352941  270317.7372549   339115.16470588
  947745.01960784  954433.30588235  944482.16078431  993698.71764706
 1058120.39215686 1082816.06666667       0.        ]","[2115652.12156863 2216701.29019608 2396322.12156863 2524413.23137255
 2679155.18039215 2099575.34117647 2075934.81568628 1537837.77254902
 1575718.71372549 1599624.83137255 1683091.27843137 1764609.44313726
 2414390.81176471 2483985.15686275 2549761.03529412       0.
       0.               0.               0.        ]","[4213775.16078432 4292633.64705882 3934135.85098039 4089884.47843137
 4309362.44705882 3781366.85098039 3834221.53725491 3913830.6509804
 4060092.69803922 4149737.4              0.               0.
       0.               0.               0.               0.
       0.               0.               0.        ]",[0 0 0 0 0 0 0 0 0 0 0 0 0 0 0 0 0 0 0]
Rwanda,0.19641455018705603,0.319161865807981,0.28219999852367,"[2000, 2001, 2002, 2003, 2004, 2005, 2006, 2007, 2008, 2009, 2010, 2011, 2012, 2013, 2014, 2015, 2016, 2017, 2018]","[ 368803.09019608  442664.04313725  457629.18039216  489205.75686274
 1146281.16862745 1230441.60392157  466767.80784314  701395.49803921
  766025.34117647  648575.84313725  647820.19607843  541841.20392157
  518878.38823529  530541.54901961  551344.95686275 -651616.65882353
 -681048.04313726  498651.17647059       0.        ]","[ 977451.47450981 1927131.76470588 1839089.98823529 1951235.52941176
 2082856.30588235 2228055.11372549 1584050.64313726 1645382.50588235
 1648555.23529412 1450274.38039216 1435723.3372549  1357991.00392157
  133717.46666667  134294.7254902   113490.25490196       0.
       0.               0.               0.        ]","[3205506.58823529 3511088.47843137 3484434.09411765 3602043.77254902
 3534881.62745098 3648253.36470589 2939255.2        1764255.89411765
 1782849.96078431 1563764.63529412       0.               0.
       0.               0.               0.               0.
       0.               0.               0.        ]",[0 0 0 1 0 0 0 0 1 0 0 0 0 0 0 0 0 0 0]
South Sudan,0.49214363230967273,0.42453538702135607,0.22154157611753394,"[2000, 2001, 2002, 2003, 2004, 2005, 2006, 2007, 2008, 2009, 2010, 2011, 2012, 2013, 2014, 2015, 2016, 2017, 2018]","[  301761.70588235   323936.54509804   393429.23921569   281986.72941176
   195994.81176471  -113955.28235294  -152341.28235294   244037.97647059
  2084975.29019608  2169145.21960783  1228871.70196078  1419415.8627451
   794038.83921569   989264.10196078  1019109.72549019   649478.91372549
   624460.16470588 -2413941.87843137        0.        ]","[  734316.54901961   762792.48235294   318599.56078431   286514.65490196
   169208.29803922  2089503.21568628  2142358.70588235  3432328.2
  3733606.58823529  3996932.96078432  2635565.83529412  2827458.42352941
  2044082.01960785  2032502.7254902  -1164679.69803922        0.
        0.                0.                0.        ]","[2823819.76470588 2905148.18823529 3750928.76078431 4026083.40784313
 4165235.02745097 4724764.76078431 4989468.40392157 5491930.77254904
 5767114.3137255  2833007.2627451        0.               0.
       0.               0.               0.               0.
       0.               0.               0.        ]",[0 0 0 0 0 0 0 0 0 1 0 0 0 0 0 0 0 0 0]
Namibia,0.3402058411292752,0.15040687430527466,0.23491311993684777,"[2000, 2001, 2002, 2003, 2004, 2005, 2006, 2007, 2008, 2009, 2010, 2011, 2012, 2013, 2014, 2015, 2016, 2017, 2018]","[119863.30588235 124659.72941176  96895.74509804  59664.28627451
   1250.54509804  16564.23529412  32154.63529412  40610.03529412
  29856.5372549   29062.38431373  23948.70980392  47237.78823529
  41586.76862745  27623.2        198519.50588235 227314.84705882
  85203.07058824  85544.67843137      0.        ]","[210782.76470588 191950.61960784 107164.30980392 100079.87058824
  50139.54509804  70272.76470588  77975.0627451   77657.23921569
  92991.50588235  93077.29411765  90823.45098039 262494.17647059
 279827.82352941 300465.95686275 323751.36862745      0.
      0.              0.              0.        ]","[281051.89019608 269922.72156863 184789.03921569 167722.30980392
 141279.6745098  150730.55294118 340174.7372549  371561.27058824
 393456.80784314 416828.00784314      0.              0.
      0.              0.              0.              0.
      0.              0.              0.        ]",[0 0 1 0 0 0 0 0 0 0 0 0 0 1 0 1 0 0 0]
Chad,0.2769269585612493,0.18624470447112457,0.1990060618718215,"[2000, 2001, 2002, 2003, 2004, 2005, 2006, 2007, 2008, 2009, 2010, 2011, 2012, 2013, 2014, 2015, 2016, 2017, 2018]","[ 454886.90588235  450493.07843137  487235.37647059  308625.8
  297379.76078431  185004.81960784  178185.23137255  414292.22745098
  355709.89803922  386117.35686275  396220.83529412  359081.95294118
  343680.07058824  340060.12156863  351448.83529412  362139.66666667
 3465840.00392158 3738472.20392157       0.        ]","[1007651.79607843  990969.1254902   737769.70980392  718661.27843137
  664826.56078431  765745.37647059  753564.15686274  976961.39215686
  937248.95294118  901726.62352941  924718.77647059  862974.52156863
  893482.83529412 3969539.59215686 4288274.96862745       0.
       0.               0.               0.        ]","[1773397.17254902 1744533.28235294 1714731.10196078 1651244.52941176
 1542954.70980392 1671737.33333333 1613937.51764706 1839015.07843137
 4906788.54509804 5190001.59215685       0.               0.
       0.               0.               0.               0.
       0.               0.               0.        ]",[0 1 0 0 0 0 0 0 0 1 0 0 1 0 0 0 0 1 0]
Zambia,0.0,0.0,0.0,"[2000, 2001, 2002, 2003, 2004, 2005, 2006, 2007, 2008, 2009, 2010, 2011, 2012, 2013, 2014, 2015, 2016, 2017, 2018]","[ 521749.50588235  497285.57647059  760064.75686275  822697.91372549
  198117.64313725  153939.35294118  322583.71764706  323021.39215686
 1539362.75686275 1756314.01568627  314071.81176471  310851.92941176
  734074.1254902   736607.02745098  739368.63137255  769962.54509804
  828085.84705882  789481.34117647       0.        ]","[1485246.29019608 1314669.10588235 1117436.1372549  1139967.24705882
  680392.77254902 1856629.09019608 2238591.14509804 2016763.54901961
 2218599.48627451 2426468.13333333 1410149.37647059 1420049.01176471
 1871819.24705882 1937064.92941176 1926440.4627451        0.
       0.               0.               0.        ]","[3341877.38039216 3553255.25098039 3134199.68627451 3357299.11372549
 3114945.53725489 3282630.50196078 3650007.9490196  3884195.01176469
 4155664.41568626 4352908.59607841       0.               0.
       0.               0.               0.               0.
       0.               0.               0.        ]",[0 0 0 0 0 0 0 0 0 0 0 0 0 0 0 0 0 0 0]
Nigeria,0.0,0.0,0.0,"[2000, 2001, 2002, 2003, 2004, 2005, 2006, 2007, 2008, 2009, 2010, 2011, 2012, 2013, 2014, 2015, 2016, 2017, 2018]","[ 6275598.31764707  6247969.99999998 -4263426.3372549  -4488844.4509804
  5189064.81176469  5492054.41960784 12515970.28627449 12161496.07058823
  5100058.83137255 14224618.20392153 15336683.73725488  7548221.47058826
 15911095.99607847 15948619.6627451  -1844072.4509804  -1805868.66666667
 14918714.05490192 15464612.82745096        0.        ]","[ 4593161.32941175  4363589.12549019  3811874.16078432 10632077.07058822
 20238173.65490195 20220482.10980396 29273707.85882353 30064101.74509807
 24257900.76470589 33751715.81176472 35097228.3058823  17737071.87843138
 18004213.08235294 25122728.92156855 17557427.91372544        0.
        0.                0.                0.        ]","[24810231.23137252 33638848.06274512 33859299.0392156  34687206.19607838
 53680102.13333324 55004991.65490183 46667902.63137254 48028893.43137245
 49360662.17647053 51304059.37647052        0.                0.
        0.                0.                0.                0.
        0.                0.                0.        ]",[0 0 0 0 0 0 0 0 0 0 0 0 0 0 0 0 0 0 0]
Benin,0.0,0.0,0.0,"[2000, 2001, 2002, 2003, 2004, 2005, 2006, 2007, 2008, 2009, 2010, 2011, 2012, 2013, 2014, 2015, 2016, 2017, 2018]","[ 327596.60784314  344508.36862745  428048.60392157  597049.70196078
  517429.91372549  358444.6627451   585277.61960784  631108.32941176
  462416.51764706  459041.59607843  467422.96470588  501559.72156863
  492176.28235294  459647.48235294  451131.97254902  498123.54117647
  514913.15686274 1183040.62745098       0.        ]","[1097775.44313725 1116857.75294118 1128623.49803922 1357628.45490196
 1331682.49803922 1222994.54509804 1273294.18039215 1331972.84705882
 1179444.62352941 1199798.11764706 1175611.34509804 1205434.80784314
 1197204.19215686 1218788.24313726 1888068.5372549        0.
       0.               0.               0.        ]","[2320769.2627451  2390090.73333333 2460531.54509804 2509245.21568627
 2504197.05882352 2390066.12156863 2447019.4        2515662.23137255
 2398232.86666666 3087866.65490196       0.               0.
       0.               0.               0.               0.
       0.               0.               0.        ]",[0 0 0 0 0 0 0 0 0 0 0 0 0 0 0 0 0 0 0]
Egypt,0.0,0.0,0.0,"[2000, 2001, 2002, 2003, 2004, 2005, 2006, 2007, 2008, 2009, 2010, 2011, 2012, 2013, 2014, 2015, 2016, 2017, 2018]","[ 4287510.6         4577061.50588236  2487368.65490195  2324200.32549019
  2216107.71764706  2473117.24313725  2557092.41960784 -1355033.72941176
 -1354998.41960784  2614557.54901961  2799872.4         2819155.87843138
  2757105.43921569  3158984.28235294  8624957.80784314  8879448.97647058
  2039758.38823529  2062148.85490196        0.        ]","[ 7834986.38431372  8050360.19215688  6020115.39215687  6037094.9137255
  2177282.45098039  2358318.09019608  2576416.97254902  2685073.24705883
  2824240.14509804  6821580.68235294  7357747.9254902  12809016.28627451
 13423762.28627451 12031809.90588233 12732953.03921569        0.
        0.                0.                0.        ]","[10192569.10980393 10628875.5882353   8704503.1137255   8851817.21960786
  8944159.05490197  9684386.16862746 15350284.71764707 16067119.3372549
 14852930.12549019 19549588.32549018        0.                0.
        0.                0.                0.                0.
        0.                0.                0.        ]",[0 0 0 0 0 0 0 0 0 0 0 0 0 0 0 0 0 0 0]
Botswana,0.0,0.0,0.0,"[2000, 2001, 2002, 2003, 2004, 2005, 2006, 2007, 2008, 2009, 2010, 2011, 2012, 2013, 2014, 2015, 2016, 2017, 2018]","[  1313.71372549  32013.16470588  55596.25490196  42952.18823529
 -22053.3372549  146954.35294118 178864.53333333 164864.16470588
 182807.85882353  88668.65098039  69777.23529412  49892.45490196
  34863.01176471  44006.72156863  48988.32941176  24090.68627451
  27443.27058824  65237.97647059      0.        ]","[ 39788.48627451  70147.69019608 185327.81176471 216980.74117647
 294595.72156863 356841.85098039 405317.70980392 279664.73333333
 260475.89803922 154972.31372549 136105.83137255 120091.45490196
  81750.12156863  97641.89803922 112125.08627451      0.
      0.              0.              0.        ]","[396470.78431373 475460.55294118 464984.50196079 476572.76862745
 434354.70980392 472969.10588235 506335.9372549  353646.21568627
 358117.82745098 267097.05882353      0.              0.
      0.              0.              0.              0.
      0.              0.              0.        ]",[0 0 0 0 0 0 0 0 0 0 0 0 0 0 0 0 0 0 0]
